Time,Distance,Speed,Throttle,Brake,RPM,Gear,DRS,X,Y,AirTemp_C,TrackTemp_C
0.0,0.051313808494105384,297.24166826666664,100.0,0,10854.482952533333,7,12,-375.51149016656075,1370.5835207336413,17.9,20.9
0.039,3.288371960134251,297.56666666666666,100.0,0,10777.133333333333,7,12,-374.0,1402.0,17.9,20.9
0.091,7.615555555555552,298.0,100.0,0,10674.0,8,12,-372.14754999026275,1441.7507054726266,17.9,20.9
0.218,18.23139115624005,300.3812512,100.0,0,10739.8812832,8,12,-368.0,1535.0,17.9,20.9
0.251,20.993333333333332,301.0,100.0,0,10757.0,8,12,-366.8478339719325,1560.9087256713292,17.9,20.9
0.458,38.32744885986562,301.7366551998076,100.0,0,10831.402175180567,8,12,-359.0,1736.0,17.9,20.9
0.532,44.56611111111111,302.0,100.0,0,10858.0,8,12,-356.1544473241535,1798.7341126524248,17.9,20.9
0.698,58.68344128282252,304.964288,100.0,0,10934.4786304,8,12,-350.0,1939.0,17.9,20.9
0.812,68.44388888888889,307.0,100.0,0,10987.0,8,12,-346.168765004344,2036.708853136199,17.9,20.9
0.817,68.87275768416782,307.04166826666665,100.0,0,10987.861144177778,8,12,-346.0,2041.0,17.9,20.9
1.077,91.25216860983649,309.20833493333333,100.0,0,11032.638921955555,8,12,-337.0,2264.0,17.9,20.9
1.172,99.44388888888888,310.0,100.0,0,11049.0,8,12,-333.8929846465537,2345.768282653967,17.9,20.9
1.257,106.77356675513086,310.3541674666667,100.0,0,11058.916689066667,8,12,-331.0,2419.0,17.9,20.9
1.412,120.17722222222221,311.0,100.0,0,11077.0,8,12,-324.92876530048966,2552.4665995117884,17.9,20.9
1.577,134.5797945005401,312.83333546666665,100.0,0,11107.2500352,8,12,-318.0,2695.0,17.9,20.9
1.772,151.6772222222222,315.0,100.0,0,11143.0,8,12,-310.04251687666886,2865.006081196043,17.9,20.9
1.797,153.86554533012958,315.0,100.0,0,11143.0,8,12,-309.0,2887.0,17.9,20.9
1.917,164.36385697232888,315.0,100.0,0,11143.0,8,12,-304.0,2992.0,17.9,20.9
1.932,165.6772222222222,315.0,100.0,0,11143.0,8,12,-303.4183079467121,3004.638841462708,17.9,20.9
2.172,186.7438888888889,316.0,100.0,0,11225.0,8,12,-294.34531270262335,3216.8359479142,17.9,20.9
2.197,188.94460991548124,316.12500096,100.0,0,11225.50000384,8,12,-293.0,3248.0,17.9,20.9
2.357,203.05815652365106,316.92500096,100.0,0,11228.70000384,8,12,-283.0,3477.0,17.9,20.9
2.572,222.07722222222222,318.0,100.0,0,11233.0,8,12,-276.5741447471031,3633.1702186759762,17.9,20.9
2.818,243.87478629174188,318.8785718857143,100.0,0,11233.0,8,12,-271.0,3795.0,17.9,20.9
2.852,246.88833333333332,319.0,100.0,0,11233.0,8,12,-269.3876430300336,3839.3888351183123,17.9,20.9
3.017,261.5126301490148,319.0,100.0,0,11262.3906592,8,12,-260.0,4096.0,17.9,20.9
3.172,275.24388888888893,319.0,100.0,0,11290.0,8,12,-253.0370589066122,4290.137240365801,17.9,20.9
3.412,296.5105555555556,319.0,100.0,0,11318.0,8,12,-246.45568999955563,4474.421793352636,17.9,20.9
3.438,298.8235825627218,319.21666773333334,100.0,0,11319.083338666667,8,12,-246.0,4486.0,17.9,20.9
3.652,317.9105555555556,321.0,100.0,0,11328.0,8,12,-243.43591685276894,4544.5204192973815,17.9,20.9
3.678,320.2254963999576,320.9071424,100.0,0,11330.6000128,8,12,-243.0,4557.0,17.9,20.9
3.932,342.7994444444445,320.0,100.0,0,11356.0,8,12,-235.94913154629603,4778.7689044285835,17.9,20.9
3.958,345.11419499431804,320.10833386666667,100.0,0,11353.7249888,8,12,-235.0,4806.0,17.9,20.9
4.118,359.3820549768952,320.77500053333335,100.0,0,11339.7249888,8,12,-229.0,4967.0,17.9,20.9
4.172,364.19944444444445,321.0,100.0,0,11335.0,8,12,-227.61371393716968,5004.468209577778,17.9,20.9
4.318,377.22160641517985,321.0,100.0,0,11354.62188222369,8,12,-225.0,5085.0,17.9,20.9
4.478,391.4880186394016,321.0,100.0,0,11376.125295945287,8,12,-221.0,5227.0,17.9,20.9
4.611,403.3436111111111,321.0,100.0,0,11394.0,8,12,-216.79269053499132,5347.1342147038995,17.9,20.9
4.758,416.4443692831554,321.0,100.0,0,11397.062501333334,8,12,-212.0,5477.0,17.9,20.9
4.851,424.74361111111114,321.0,100.0,0,11399.0,8,12,-209.324888921307,5559.984788141947,17.9,20.9
4.898,428.94373534700134,321.16785737142857,100.0,0,11393.460706742857,8,12,-208.0,5602.0,17.9,20.9
5.131,449.7880555555556,322.0,100.0,0,11366.0,8,12,-201.2155987377458,5809.9500370618025,17.9,20.9
5.238,459.33365399580146,321.6656248,100.0,0,11380.3781336,8,12,-198.0,5905.0,17.9,20.9
5.438,477.1602612345994,321.0406248,100.0,0,11407.2531336,8,12,-192.0,6084.0,17.9,20.9
5.451,478.3213888888889,321.0,100.0,0,11409.0,8,12,-191.63668531847517,6096.090020324461,17.9,20.9
5.611,492.63250000000005,322.0,100.0,0,11323.0,8,12,-187.52444607505817,6250.486799135661,17.9,20.9
5.718,502.2037490397988,322.0,100.0,0,11313.064279771428,8,12,-185.0,6352.0,17.9,20.9
5.891,517.6769444444445,322.0,100.0,0,11297.0,8,12,-181.14147630215587,6504.928420625305,17.9,20.9
6.118,537.990381127667,322.0,100.0,0,11325.375008,8,12,-176.0,6699.0,17.9,20.9
6.291,553.4547222222224,322.0,100.0,0,11347.0,8,12,-171.6606492633611,6854.738844827301,17.9,20.9
6.319,555.9546259667178,321.8833333333333,100.0,0,11344.783333333333,8,12,-171.0,6880.0,17.9,20.9
6.531,574.8547222222223,321.0,100.0,0,11328.0,8,12,-166.19193990819934,7069.744174549016,17.9,20.9
6.538,575.4779142501075,320.79583146666664,97.08330666666667,0,11328.729173333333,8,12,-166.0,7076.0,17.9,20.9
6.698,589.6452535003971,316.1291648,30.41664,0,11345.39584,8,12,-161.0,7218.0,17.9,20.9
6.771,595.7880555555557,314.0,0.0,1,11353.0,8,8,-158.7882490156698,7280.38690360573,17.9,20.9
6.898,605.7533393882989,296.0581595227762,0.0,1,10778.157503141496,8,8,-155.0,7387.0,17.9,20.9
7.119,621.2940176413053,264.83655638099617,0.0,1,9777.84182601074,8,8,-148.0,7566.0,17.9,20.9
7.132,622.1611111111113,263.0,0.0,1,9719.0,8,8,-147.64924994647834,7574.514378762708,17.9,20.9
7.278,631.5288270797795,232.8874736,0.0,1,9385.0247072,8,8,-144.0,7658.0,17.9,20.9
7.292,632.3833333333336,230.0,0.0,1,9353.0,8,8,-143.60000849884665,7666.4574685504995,17.9,20.9
7.492,643.7166666666669,204.0,0.0,1,10097.0,8,8,-137.08417645181757,7794.714275882811,17.9,20.9
7.537,646.066335292134,198.374976,0.0,1,10129.85014016,8,8,-136.0,7815.0,17.9,20.9
7.692,653.6611111111114,179.0,0.0,1,10243.0,8,8,-133.80396351811856,7852.24019426884,17.9,20.9
7.738,655.7875852083326,174.9749888,0.0,1,10220.958272,8,8,-133.0,7864.0,17.9,20.9
7.932,664.1944444444447,158.0,0.0,1,10128.0,7,8,-127.07266609056005,7943.936266648641,17.9,20.9
7.998,666.8911756820452,153.5214198857143,0.0,1,9840.428013714285,7,8,-124.0,7976.0,17.9,20.9
8.212,675.0055555555558,139.0,0.0,1,8908.0,4,8,-111.33060784807304,8076.754362596146,17.9,20.9
8.218,675.2159168867797,138.36998656,0.0,1,8882.37945344,4,8,-111.0,8079.0,17.9,20.9
8.412,681.5611111111114,118.0,0.0,1,8054.0,3,8,-101.92370431805087,8128.7142514824645,17.9,20.9
8.538,685.3722467499468,112.95999488,0.0,1,7580.23951872,3,8,-93.0,8156.0,17.9,20.9
8.758,691.4996038374995,104.15999488,0.0,1,6753.03951872,3,8,-68.0,8214.0,17.9,20.9
8.812,692.8944444444446,102.0,0.0,1,6550.0,3,8,-62.27646015756965,8225.226250348504,17.9,20.9
8.917,695.4824009725404,97.01249088,0.0,1,6287.49952,3,8,-51.0,8244.0,17.9,20.9
9.177,701.3487966088248,84.66249088000001,0.0,1,5637.49952,3,8,-12.0,8290.0,17.9,20.9
9.212,702.1166666666669,83.0,0.0,1,5550.0,3,8,-6.434834170842624,8295.335796931602,17.9,20.9
9.358,705.2828281493386,78.437496,0.0,1,5419.5123856,3,8,18.0,8315.0,17.9,20.9
9.372,705.5833333333336,78.0,0.0,1,5407.0,3,8,20.642502222506508,8316.727784266266,17.9,20.9
9.572,709.8055555555558,76.0,1.0,0,5325.0,3,8,61.85211836622622,8337.553717095814,17.9,20.9
9.578,709.9294090734528,75.8874976,1.0375008000000001,0,5318.7373664,3,8,63.0,8338.0,17.9,20.9
9.732,713.0500000000002,73.0,2.0,0,5158.0,3,8,89.36803487848273,8345.410712771574,17.9,20.9
9.817,714.7338271851987,72.14999808,2.0,0,5132.92494336,3,8,104.0,8347.0,17.9,20.9
9.932,716.9944444444446,71.0,2.0,0,5099.0,3,8,125.93299767526523,8346.967568608967,17.9,20.9
10.057,719.4681014693138,71.3906256,8.250009599999998,0,5263.062752,3,8,151.0,8344.0,17.9,20.9
10.218,722.7001654025719,71.8937504,16.3000064,0,5474.375168,3,8,182.0,8336.0,17.9,20.9
10.252,723.3944444444446,72.0,18.0,0,5519.0,3,8,187.9749700122236,8334.01940634245,17.9,20.9
10.452,727.5611111111112,75.0,26.0,0,5656.0,3,8,223.63787065951865,8317.07446335396,17.9,20.9
10.478,728.112343834923,75.27083466666667,27.191672533333332,0,5695.271026666666,3,8,230.0,8313.0,17.9,20.9
10.678,732.4236852618467,77.354168,36.3583392,0,5997.35436,3,8,287.0,8272.0,17.9,20.9
10.932,738.2277777777779,80.0,48.0,0,6381.0,3,8,312.726986190936,8250.851191473264,17.9,20.9
10.998,739.8230279836968,82.15037976535262,51.142862733976905,0,6561.466486461516,3,8,321.0,8243.0,17.9,20.9
11.198,744.8895795333704,88.66666944695027,60.66667073015808,0,7108.3335666632875,3,8,361.0,8205.0,17.9,20.9
11.331,748.5352777777779,93.0,67.0,0,7472.0,3,8,384.59717717682344,8181.487872853523,17.9,20.9
11.457,752.2179776176843,99.3000064,72.25000533333333,0,7765.650298311111,3,8,406.0,8159.0,17.9,20.9
11.638,757.8915406985733,108.3500032,79.79166933333333,0,8187.480704711111,3,8,442.0,8120.0,17.9,20.9
11.691,759.6352777777779,111.0,82.0,0,8311.0,3,8,454.3826008441421,8106.862508495814,17.9,20.9
11.851,765.1019444444446,123.0,87.0,0,8856.0,3,8,497.05160175229537,8062.677887126753,17.9,20.9
11.997,770.2765819859237,127.562504,89.7375024,0,9622.500672,3,8,535.0,8026.0,17.9,20.9
12.011,770.7908333333335,128.0,90.0,0,9696.0,3,8,538.3866734619244,8022.910505673947,17.9,20.9
12.078,773.3059874988011,131.140628,89.7906248,0,9988.9159048,3,8,556.0,8008.0,17.9,20.9
12.331,783.5019444444446,143.0,89.0,0,11095.0,3,8,682.6242423279284,7927.0086412154005,17.9,20.9
12.358,784.637332739183,144.0125024,88.6624992,0,11013.79730752,3,8,693.0,7921.0,17.9,20.9
12.638,796.8702854200661,154.5125024,85.1624992,0,10171.69730752,3,8,749.0,7899.0,17.9,20.9
12.731,801.0575000000001,158.0,84.0,0,9892.0,3,8,782.3953540731618,7889.244455929942,17.9,20.9
12.878,807.7855229715545,164.4312528,89.5125024,0,10323.812688,3,8,851.0,7872.0,17.9,20.9
12.891,808.3908333333335,165.0,90.0,0,10362.0,3,8,857.119574431123,7870.916617344959,17.9,20.9
13.051,815.9908333333335,171.0,96.0,0,10770.0,4,8,931.8183414951395,7863.165947431174,17.9,20.9
13.058,816.3286456633325,171.1750016,95.8249984,0,10790.796023466666,4,8,935.0,7863.0,17.9,20.9
13.291,827.7908333333335,177.0,90.0,0,11483.0,4,8,1038.8306887225303,7864.928835533603,17.9,20.9
13.399,833.2270141946067,180.2238816235245,93.22388162352449,0,11448.611929349072,4,8,1103.0,7873.0,17.9,20.9
13.492,838.0083333333334,183.0,96.0,0,11419.0,4,8,1172.128097087565,7884.339879404271,17.9,20.9
13.598,843.6109293999498,187.16429074285713,97.51428754285715,0,11638.571693714286,4,8,1248.0,7898.0,17.9,20.9
13.772,853.0972222222223,194.0,100.0,0,11999.0,4,8,1318.459066432728,7911.353995493117,17.9,20.9
13.898,860.1183591527627,199.5125056,100.0,0,11227.249216,4,8,1365.0,7922.0,17.9,20.9
13.932,862.0305555555557,201.0,100.0,0,11019.0,4,8,1381.0980972640673,7925.907796049309,17.9,20.9
14.097,871.4074217073331,204.30000384,100.0,0,10589.17449984,4,8,1473.0,7950.0,17.9,20.9
14.132,873.4194444444445,205.0,100.0,0,10498.0,5,8,1492.3826300617125,7955.753514857734,17.9,20.9
14.297,883.019325887345,208.5357184,100.0,0,10839.786112,5,8,1582.0,7985.0,17.9,20.9
14.412,889.8305555555556,211.0,100.0,0,11078.0,5,8,1646.735671428355,8006.599377338906,17.9,20.9
14.498,894.9923324878935,214.2250048,100.0,0,11136.0500864,5,8,1696.0,8022.0,17.9,20.9
14.572,899.475,217.0,100.0,0,11186.0,5,8,1738.601714681551,8034.017247299261,17.9,20.9
14.838,915.8667684508765,221.7500022857143,100.0,0,11605.900202057142,5,8,1896.0,8065.0,17.9,20.9
14.852,916.7416666666668,222.0,100.0,0,11628.0,5,8,1904.6685478194524,8065.890909471196,17.9,20.9
14.997,925.8771930987301,226.531256,100.0,0,11641.593768,5,8,1997.0,8071.0,17.9,20.9
15.012,926.8305555555556,227.0,100.0,0,11643.0,5,8,2006.8221976188092,8071.204049741318,17.9,20.9
15.252,942.2972222222223,232.0,100.0,0,10535.0,5,8,2162.157766601067,8069.072210873618,17.9,20.9
15.257,942.6233785546572,232.0937536,100.0,0,10538.8751488,5,8,2165.0,8069.0,17.9,20.9
15.417,953.141063143375,235.0937536,100.0,0,10662.8751488,5,8,2269.0,8064.0,17.9,20.9
15.572,963.4527777777778,238.0,100.0,0,10783.0,6,8,2476.4331471962905,8044.642132635405,17.9,20.9
15.578,963.8538862516966,238.1500032,100.0,0,10788.7376224,6,8,2483.0,8044.0,17.9,20.9
15.732,974.2083333333334,242.0,100.0,0,10936.0,6,14,2571.415086635351,8034.997477353119,17.9,20.9
15.918,986.927216633656,245.32143085714284,100.0,0,11058.892941714286,6,14,2617.0,8025.0,17.9,20.9
16.012,993.4194444444446,247.0,100.0,0,11121.0,6,14,2685.3578039272434,8011.334965063999,17.9,20.9
16.212,1007.3638888888889,251.0,100.0,0,11358.0,6,12,2903.9434639649935,7968.491664933507,17.9,20.9
16.317,1014.815723139928,253.2500041142857,100.0,0,11412.375099428571,6,12,2988.0,7952.0,17.9,20.9
16.492,1027.3527777777779,257.0,100.0,0,11503.0,6,12,3052.324925306308,7939.202786407961,17.9,20.9
16.638,1037.7824860649414,257.60833386666667,100.0,0,11396.541573333334,6,12,3128.0,7924.0,17.9,20.9
16.732,1044.5527777777777,258.0,100.0,0,11328.0,6,12,3226.1442494068506,7904.39934970881,17.9,20.9
16.837,1052.2144494926767,260.6250048,100.0,0,11064.74951862857,6,12,3343.0,7881.0,17.9,20.9
17.012,1065.1638888888888,265.0,100.0,0,10626.0,7,12,3454.5087985755154,7858.183141192407,17.9,20.9
17.172,1077.1194444444443,269.0,100.0,0,10599.0,7,12,3518.8996705422105,7844.691196771899,17.9,20.9
17.198,1079.0734503942508,269.3250016,100.0,0,10625.5688808,7,12,3532.0,7842.0,17.9,20.9
17.378,1092.689064335271,271.5750016,100.0,0,10809.5063808,7,12,3650.0,7818.0,17.9,20.9
17.492,1101.386111111111,273.0,100.0,0,10926.0,7,12,3767.62829843046,7793.9730263805795,17.9,20.9
17.658,1114.1450012845846,275.7666688,100.0,0,10983.4083776,7,12,3949.0,7757.0,17.9,20.9
17.732,1119.8527777777774,277.0,100.0,0,11009.0,7,12,4005.451314641937,7745.658033555065,17.9,20.9
18.011,1141.4752777777774,279.0,100.0,0,11154.0,7,12,4132.308342496092,7720.922908612014,17.9,20.9
18.038,1143.5875163693265,279.482144,100.0,0,11162.9678784,7,12,4147.0,7718.0,17.9,20.9
18.291,1163.5641666666663,284.0,100.0,0,11247.0,7,12,4332.630722461864,7680.516721113444,17.9,20.9
18.338,1167.3028113046753,284.8812512,100.0,0,11264.625024,7,12,4380.0,7671.0,17.9,20.9
18.451,1176.3197222222218,287.0,100.0,0,11307.0,7,12,4512.675339360904,7644.47650248055,17.9,20.9
18.558,1184.8868637540736,287.7642861714286,100.0,0,11362.792890514285,7,12,4630.0,7621.0,17.9,20.9
18.731,1198.7974999999997,289.0,100.0,0,11453.0,7,12,4738.597873177019,7598.879848493774,17.9,20.9
18.891,1211.7308333333328,291.0,100.0,0,11528.0,7,12,4816.10406469566,7583.5737995086865,17.9,20.9
18.918,1213.920856379051,291.27000064,100.0,0,11525.70499456,7,12,4835.0,7580.0,17.9,20.9
18.998,1220.4231345862293,292.07000064,100.0,0,11518.90499456,7,12,4899.0,7568.0,17.9,20.9
19.091,1228.008611111111,293.0,100.0,0,11511.0,7,12,4975.209981104086,7553.335875458041,17.9,20.9
19.278,1243.350776732182,294.55833386666666,100.0,0,11145.1811248,7,12,5123.0,7524.0,17.9,20.9
19.538,1264.8649304857518,296.72500053333334,100.0,0,10636.5561248,7,12,5333.0,7483.0,17.9,20.9
19.571,1267.608611111111,297.0,100.0,0,10572.0,8,12,5371.382705898832,7475.761808858709,17.9,20.9
19.798,1286.5598529025597,299.27000064,100.0,0,10643.50502016,8,12,5660.0,7422.0,17.9,20.9
19.971,1301.0530555555554,301.0,100.0,0,10698.0,8,12,5734.783355490904,7407.565766661949,17.9,20.9
20.078,1310.0244342419053,301.53233879636656,100.0,0,10693.2089508327,8,12,5775.0,7400.0,17.9,20.9
20.172,1317.914722222222,302.0,100.0,0,10689.0,8,12,5837.311357398252,7388.718342438326,17.9,20.9
20.372,1334.7480555555553,303.0,100.0,0,10772.0,8,12,6017.805345369205,7355.972659985762,17.9,20.9
20.378,1335.2544559826017,303.06000128,100.0,0,10773.86003968,8,12,6023.0,7355.0,17.9,20.9
20.537,1348.713653995963,304.65000192,100.0,0,10823.15005952,8,12,6155.0,7330.0,17.9,20.9
20.572,1351.6924999999997,305.0,100.0,0,10834.0,8,12,6184.076313073718,7324.7100355241655,17.9,20.9
20.738,1365.8837543269954,305.6916672,100.0,0,10901.7833856,8,12,6324.0,7300.0,17.9,20.9
20.812,1372.0924999999997,306.0,100.0,0,10932.0,8,12,6386.646063782139,7288.4708235993485,17.9,20.9
20.917,1380.677535838421,298.4166528,70.83328,0,10616.1244224,8,12,6475.0,7272.0,17.9,20.9
21.137,1397.5917963814536,282.5277639111111,9.722168888888902,0,9954.291089066666,8,12,6653.0,7240.0,17.9,20.9
21.172,1400.0924999999997,280.0,0.0,1,9849.0,8,8,6679.648920038859,7235.249487535765,17.9,20.9
21.377,1413.6755729738281,246.32139702857143,0.0,1,9482.928228571429,8,8,6825.0,7209.0,17.9,20.9
21.452,1418.2924999999998,234.0,0.0,1,9349.0,8,8,6873.562689732547,7199.7764881318235,17.9,20.9
21.638,1429.0738237314026,209.81998336,0.0,1,9249.48993152,8,8,6984.0,7177.0,17.9,20.9
21.652,1429.8480555555552,208.0,0.0,1,9242.0,8,8,6991.79945451484,7175.232258428713,17.9,20.9
21.852,1440.3480555555552,189.0,0.0,1,9340.0,8,8,7096.167107057076,7148.113683294186,17.9,20.9
21.878,1441.6359936259505,187.1312408,0.0,1,9392.1627568,8,8,7109.0,7144.0,17.9,20.9
22.057,1450.0323238871415,174.2656112,0.0,1,9751.2816352,8,8,7191.0,7113.0,17.9,20.9
22.172,1455.1036111111107,166.0,0.0,1,9982.0,5,8,7233.499726637401,7094.350167699551,17.9,20.9
22.218,1457.0750779264526,163.4124928,0.0,1,9782.905696,5,8,7256.0,7082.0,17.9,20.9
22.378,1463.6880386012442,154.4124928,0.0,1,9090.405696,5,8,7361.0,7016.0,17.9,20.9
22.492,1468.2591666666663,148.0,0.0,1,8597.0,4,8,7402.568800899635,6987.409539432362,17.9,20.9
22.692,1476.036944444444,140.0,0.0,1,8058.0,4,8,7415.703648427932,6968.262810551845,17.9,20.9
22.738,1477.750660193435,138.4666624,0.0,1,7995.388714666667,4,8,7421.0,6960.0,17.9,20.9
22.998,1486.9550374111145,129.79999573333333,0.0,1,7641.499825777778,4,8,7469.0,6884.0,17.9,20.9
23.052,1488.836944444444,128.0,0.0,1,7568.0,4,8,7476.4589614571205,6866.1862524840035,17.9,20.9
23.157,1492.4925386596108,126.0312464,2.6250047999999997,1,7620.500096,4,8,7487.0,6831.0,17.9,20.9
23.212,1494.3924999999997,125.0,4.0,0,7648.0,4,8,7491.034726769804,6812.255901142804,17.9,20.9
23.412,1501.1702777777775,122.0,4.0,0,7285.0,4,8,7497.838285549001,6742.7740465958495,17.9,20.9
23.478,1503.3661046438408,121.44999893333333,12.250016,0,7340.000106666666,4,8,7498.0,6720.0,17.9,20.9
23.598,1507.3412936066798,120.44999893333333,27.250016,0,7440.000106666666,4,8,7496.0,6679.0,17.9,20.9
23.652,1509.1702777777775,120.0,34.0,0,7485.0,4,8,7494.281697057756,6660.62887660963,17.9,20.9
24.458,1539.4964358626185,134.0173935304348,60.28261286956521,0,8256.832731269566,4,8,7407.0,6394.0,17.9,20.9
24.572,1543.925833333333,136.0,64.0,0,8366.0,4,8,7384.074077395845,6358.517714432798,17.9,20.9
24.658,1547.2628419984947,138.16080654124815,70.05025831549482,0,8595.477654680553,4,8,7365.0,6332.0,17.9,20.9
24.771,1551.7199999999998,141.0,78.0,0,8897.0,4,8,7337.640991552983,6297.300505280018,17.9,20.9
24.978,1560.3824270240577,148.7625024,85.1156272,0,9267.6594896,4,8,7281.0,6235.0,17.9,20.9
25.091,1565.3199999999997,153.0,89.0,0,9470.0,4,8,7246.587911859861,6202.184133013062,17.9,20.9
25.138,1567.4082123248304,154.7625024,90.6156272,0,9590.2907888,4,8,7231.0,6188.0,17.9,20.9
25.358,1577.4739608180641,163.0125024,98.1781272,0,10153.3532888,4,8,7149.0,6117.0,17.9,20.9
25.411,1579.9866666666665,165.0,100.0,0,10289.0,4,8,7129.426603608765,6100.975945050897,17.9,20.9
25.638,1591.0867336947126,173.91785965714286,100.0,0,11050.260928914286,4,8,7064.0,6050.0,17.9,20.9
25.691,1593.6755555555553,176.0,100.0,0,11228.0,4,8,7059.097908598991,6046.382242727339,17.9,20.9
25.798,1598.8488278370853,176.0,100.0,0,11341.95506816,4,8,7039.0,6033.0,17.9,20.9
25.891,1603.4533333333331,176.0,100.0,0,11441.0,4,8,6970.563921064809,5986.66579240269,17.9,20.9
25.958,1606.9172236648774,179.9781288,100.0,0,11535.8469656,4,8,6918.0,5951.0,17.9,20.9
26.211,1620.7866666666664,195.0,100.0,0,11894.0,4,8,6845.432729203488,5901.225544362198,17.9,20.9
26.358,1628.9892783892906,200.5125024,100.0,0,11452.999808,4,8,6793.0,5863.0,17.9,20.9
26.371,1629.7199999999998,201.0,100.0,0,11414.0,4,8,6785.504849903435,5857.549665459994,17.9,20.9
26.531,1638.8311111111109,205.0,100.0,0,10853.0,5,8,6665.526055977119,5770.3215431336275,17.9,20.9
26.578,1641.5778450259218,207.10448114769548,100.0,0,10921.51255291942,5,8,6635.0,5748.0,17.9,20.9
26.732,1650.7794444444442,214.0,100.0,0,11146.0,5,8,6572.824208587758,5701.758250650706,17.9,20.9
26.938,1663.3399589193614,219.1500032,100.0,0,11297.066760533333,5,8,6521.0,5660.0,17.9,20.9
26.972,1665.446111111111,220.0,100.0,0,11322.0,5,8,6507.686499054651,5649.183429315821,17.9,20.9
27.197,1679.614771527138,225.6250048,100.0,0,11550.214480457144,5,8,6397.0,5558.0,17.9,20.9
27.252,1683.1016666666662,227.0,100.0,0,11606.0,5,8,6370.682792797059,5535.48841936391,17.9,20.9
27.377,1691.039342735616,228.5625024,100.0,0,11778.6565152,5,8,6312.0,5483.0,17.9,20.9
27.412,1693.279444444444,229.0,100.0,0,11827.0,5,8,6294.869374644856,5466.833686446038,17.9,20.9
27.538,1701.4348132855257,232.1500032,100.0,0,11835.82000896,5,8,6230.0,5402.0,17.9,20.9
27.612,1706.279444444444,234.0,100.0,0,11841.0,5,8,6189.174126164053,5357.888705795419,17.9,20.9
27.838,1721.2906429324246,237.95500224,100.0,0,11362.44472896,5,8,6066.0,5214.0,17.9,20.9
28.012,1733.0572222222218,241.0,100.0,0,10994.0,6,8,5999.364659771396,5129.739950386911,17.9,20.9
28.277,1751.3074503718653,245.81818530909092,100.0,0,11092.170525672727,6,8,5917.0,5012.0,17.9,20.9
28.398,1759.7254920616813,248.01818414545454,100.0,0,11136.995501963636,6,8,5871.0,4943.0,17.9,20.9
28.452,1763.4905555555551,249.0,100.0,0,11157.0,6,8,5852.263715007998,4913.784545878179,17.9,20.9
28.577,1772.2262489294715,250.87500288,100.0,0,11233.25011712,6,8,5805.0,4837.0,17.9,20.9
28.652,1777.4905555555551,252.0,100.0,0,11279.0,6,8,5762.825996295516,4767.590828694989,17.9,20.9
28.797,1787.7206633697353,253.8125024,82.7812272,0,11366.0001152,6,8,5672.0,4619.0,17.9,20.9
28.812,1788.7794444444442,254.0,81.0,0,11375.0,6,8,5664.397404690331,4606.865266350922,17.9,20.9
29.092,1808.3016666666663,251.0,4.0,1,11095.0,6,8,5586.544439012051,4496.969976648457,17.9,20.9
29.258,1819.1910901113042,243.07726661818182,5.1318190545454545,1,10713.954251636364,6,8,5540.0,4448.0,17.9,20.9
29.397,1827.9315320116684,236.44317265454546,6.079546763636364,1,10394.88592290909,6,8,5475.0,4384.0,17.9,20.9
29.532,1836.4127777777774,230.0,7.0,0,10085.0,6,8,5363.700855581793,4303.900025703265,17.9,20.9
29.637,1843.0225609116105,227.3749952,9.6250048,0,10085.0,6,8,5283.0,4252.0,17.9,20.9
29.692,1846.4572222222218,226.0,11.0,0,10085.0,6,8,5254.542750067098,4234.779834560903,17.9,20.9
29.932,1861.1238888888884,220.0,59.0,0,10087.0,6,8,5193.418222229364,4215.722193745494,17.9,20.9
29.957,1862.6392401554554,219.74999808,61.12501632,0,10070.62487424,6,8,5183.0,4214.0,17.9,20.9
30.132,1873.2349999999997,218.0,76.0,0,9956.0,6,8,5073.597904279548,4195.5875426757275,17.9,20.9
30.258,1880.8931610606805,218.7875008,88.6000128,0,9956.0,6,8,4988.0,4185.0,17.9,20.9
30.292,1882.968333333333,219.0,92.0,0,9956.0,6,8,4967.570569817638,4183.592295751859,17.9,20.9
30.438,1891.9311711426444,220.8250016,96.86667093333334,0,10179.866862933333,6,8,4886.0,4183.0,17.9,20.9
30.532,1897.768333333333,222.0,100.0,0,10324.0,6,8,4827.53874087181,4184.680605899228,17.9,20.9
30.598,1901.9055078743675,223.37500266666666,100.0,0,10346.825044266667,6,8,4785.0,4186.0,17.9,20.9
30.772,1912.9016666666662,227.0,100.0,0,10407.0,6,8,4673.3732481013385,4188.233855710369,17.9,20.9
30.838,1917.0651812017754,227.4125008,100.0,0,10409.4750048,6,8,4632.0,4189.0,17.9,20.9
30.932,1923.0349999999996,228.0,100.0,0,10413.0,6,8,4574.27332798876,4190.165427758423,17.9,20.9
30.998,1927.3025870723964,230.20000426666667,100.0,0,10514.200196266667,6,8,4530.0,4189.0,17.9,20.9
31.172,1938.7683333333332,236.0,100.0,0,10781.0,6,8,4384.745510160677,4171.980854849924,17.9,20.9
31.378,1952.442852398166,237.9373048903213,85.14732917420355,0,10825.55801247739,6,8,4222.0,4143.0,17.9,20.9
31.491,1959.9463888888888,239.0,77.0,0,10850.0,6,8,4170.47111922454,4132.282904160495,17.9,20.9
31.718,1975.0117854623036,239.0,98.7541728,0,10761.0916416,6,8,4072.0,4090.0,17.9,20.9
31.731,1975.8797222222222,239.0,100.0,0,10756.0,6,8,4061.903452435134,4084.7851794070552,17.9,20.9
31.958,1991.1641879408603,241.8375008,100.0,0,10956.7531816,6,8,3848.0,3968.0,17.9,20.9
32.051,1997.479722222222,243.0,100.0,0,11039.0,6,8,3798.134071482348,3937.935458852303,17.9,20.9
32.291,2013.8797222222217,246.0,100.0,0,11169.0,6,8,3744.4922415549836,3887.504985270145,17.9,20.9
32.298,2014.3592881689228,246.0437504,100.0,0,11170.4437632,6,8,3742.0,3885.0,17.9,20.9
32.451,2024.8574999999998,247.0,100.0,0,11202.0,6,8,3668.711769092384,3812.1262655648343,17.9,20.9
32.558,2032.2305945499547,247.8916672,100.0,0,11244.354192,6,8,3616.0,3757.0,17.9,20.9
32.691,2041.4575,249.0,100.0,0,11297.0,6,8,3562.6967430701884,3693.1617957784542,17.9,20.9
32.738,2044.7420279808039,249.94000128,100.0,0,11344.23506432,6,8,3537.0,3658.0,17.9,20.9
32.891,2055.513055555555,253.0,100.0,0,11498.0,6,8,3420.9641537766242,3489.3843584711954,17.9,20.9
32.898,2056.008245561929,253.0872282292293,100.0,0,11499.112159922674,6,8,3416.0,3482.0,17.9,20.9
33.212,2078.4288888888887,257.0,100.0,0,11549.0,6,8,3284.468519770367,3272.0969832030432,17.9,20.9
33.398,2091.900624496753,260.1000021333333,100.0,0,11606.350039466666,6,8,3244.0,3199.0,17.9,20.9
33.452,2095.8288888888883,261.0,100.0,0,11623.0,6,8,3232.858306536919,3178.918260480797,17.9,20.9
33.692,2113.095555555555,259.0,64.0,1,11828.0,6,8,3176.4493813207305,3080.7665077365073,17.9,20.9
33.757,2117.504356336272,251.52497792,43.19993856,1,11372.998656,6,8,3150.0,3038.0,17.9,20.9
33.892,2126.2066666666665,236.0,0.0,1,10428.0,6,8,3077.3080759200116,2923.504930361737,17.9,20.9
33.957,2130.18212059798,228.19997696000001,0.0,1,10428.0,6,8,3046.0,2875.0,17.9,20.9
34.092,2137.984444444444,212.0,0.0,1,10428.0,6,8,3004.7618619774385,2813.007451230305,17.9,20.9
34.378,2152.443130889792,183.3999872,0.0,1,10181.3248896,6,8,2966.0,2766.0,17.9,20.9
34.412,2153.984444444444,180.0,0.0,1,10152.0,5,8,2957.7441911191954,2755.655477763575,17.9,20.9
34.658,2164.0689985841077,157.24498816,0.0,1,10084.96496512,5,8,2882.0,2660.0,17.9,20.9
34.812,2169.8733333333325,143.0,0.0,1,10043.0,3,8,2844.11099776726,2615.2119191658035,17.9,20.9
34.938,2174.496887629759,133.5499904,0.0,1,9601.999552,3,8,2816.0,2585.0,17.9,20.9
34.972,2175.695555555555,131.0,0.0,1,9483.0,3,8,2808.1921449150727,2577.079018303015,17.9,20.9
35.278,2185.4130780880896,114.7437432,0.0,1,7935.7868528,3,8,2734.0,2514.0,17.9,20.9
35.292,2185.8288888888883,114.0,0.0,1,7865.0,3,8,2730.4642203753797,2511.7804728621386,17.9,20.9
35.357,2187.7362021876033,111.65277084444445,0.0,1,7713.513441422222,3,8,2713.0,2502.0,17.9,20.9
35.637,2195.52943532101,101.54165973333333,0.0,1,7060.957885866666,3,8,2602.0,2461.0,17.9,20.9
35.652,2195.928888888888,101.0,0.0,1,7026.0,3,8,2596.9946268176736,2459.633096519434,17.9,20.9
36.052,2206.039999999999,91.0,0.0,0,6277.0,3,8,2521.1363310914858,2457.3672467489946,17.9,20.9
36.078,2206.6787044360417,90.6749984,0.0,0,6248.8873616,3,8,2517.0,2458.0,17.9,20.9
36.318,2212.4967253251384,87.6749984,0.0,0,5989.3873616,3,8,2473.0,2471.0,17.9,20.9
36.372,2213.773333333332,87.0,0.0,0,5931.0,3,8,2460.3403221523226,2479.951562959667,17.9,20.9
36.618,2219.4145632115237,83.156248,0.0,0,5718.8248896000005,3,8,2401.0,2538.0,17.9,20.9
36.692,2221.062222222221,82.0,0.0,0,5655.0,3,8,2390.732216126868,2550.1686757905895,17.9,20.9
36.892,2225.45111111111,79.0,14.0,0,6013.0,3,8,2378.696350153988,2571.6005221059086,17.9,20.9
36.958,2226.9242553994504,79.8250016,15.6500032,0,6040.2250528,3,8,2374.0,2581.0,17.9,20.9
37.052,2229.05111111111,81.0,18.0,0,6079.0,3,8,2365.3326747763576,2597.794652899778,17.9,20.9
37.238,2233.3401377294545,82.39500096,24.51000448,0,6142.70504384,3,8,2345.0,2638.0,17.9,20.9
37.378,2236.629934358074,83.44500096,29.41000448,0,6190.65504384,3,8,2332.0,2668.0,17.9,20.9
37.452,2238.3844444444435,84.0,32.0,0,6216.0,3,8,2326.179631467914,2684.204172219387,17.9,20.9
37.538,2240.43720314693,85.6125024,37.9125088,0,6470.2378784,3,8,2320.0,2703.0,17.9,20.9
37.612,2242.2511111111103,87.0,43.0,0,6689.0,3,8,2314.8336272628408,2718.6993482779244,17.9,20.9
37.758,2246.0413971470916,91.86667093333334,46.04166933333333,0,7092.933687466667,3,8,2305.0,2756.0,17.9,20.9
37.852,2248.5844444444433,95.0,48.0,0,7353.0,3,8,2298.8717172287943,2792.7854966012183,17.9,20.9
38.018,2253.216770860859,99.98000384,54.64000512,0,7695.79026432,3,8,2290.0,2864.0,17.9,20.9
38.052,2254.1955555555546,101.0,56.0,0,7766.0,3,8,2288.8495428136257,2875.176238178222,17.9,20.9
38.291,2261.4319444444436,109.0,67.0,0,8012.0,3,8,2287.1473870143923,2920.7917224928406,17.9,20.9
38.458,2266.9514121972684,116.3062528,84.2218816,0,8880.922208,3,8,2289.0,2957.0,17.9,20.9
38.611,2272.365277777777,123.0,100.0,0,9677.0,3,8,2291.560302862874,3009.9363299683187,17.9,20.9
38.679,2274.883068865669,126.88571428571429,100.0,0,9902.371428571429,3,8,2294.0,3040.0,17.9,20.9
38.891,2283.176388888888,139.0,100.0,0,10605.0,3,8,2307.426916239645,3151.1004512540935,17.9,20.9
38.918,2284.2813798675593,141.0250048,100.0,0,10721.9440272,3,8,2309.0,3163.0,17.9,20.9
39.051,2289.8874999999994,151.0,100.0,0,11298.0,3,8,2315.050945294931,3207.495077160508,17.9,20.9
39.251,2298.776388888888,160.0,100.0,0,11698.0,3,8,2323.5098527168598,3260.1728232289042,17.9,20.9
39.259,2299.1369173549424,160.16666666666666,100.0,0,11664.866666666667,3,8,2324.0,3263.0,17.9,20.9
39.478,2309.1606547796564,164.729168,100.0,0,10757.8414016,3,8,2342.0,3361.0,17.9,20.9
39.491,2309.776388888888,165.0,100.0,0,10704.0,3,8,2343.3135945215263,3367.697481825122,17.9,20.9
39.691,2319.6097222222215,177.0,100.0,0,10424.0,3,8,2365.7347404607926,3476.2269394942437,17.9,20.9
39.779,2324.1388266425806,181.01659857702202,100.0,0,10771.983494900182,3,8,2373.0,3510.0,17.9,20.9
39.932,2332.195277777777,188.0,100.0,0,11377.0,4,8,2381.0602214145733,3545.492015030865,17.9,20.9
39.978,2334.6239660145093,188.8625024,100.0,0,11443.4126848,4,8,2387.0,3572.0,17.9,20.9
40.092,2340.6841666666655,191.0,100.0,0,11608.0,4,8,2412.4293447634955,3686.6226154827323,17.9,20.9
40.138,2343.168462833392,192.1500032,100.0,0,11555.55985408,4,8,2422.0,3730.0,17.9,20.9
40.492,2363.0174999999986,201.0,100.0,0,11152.0,4,8,2446.24173394762,3844.980155728225,17.9,20.9
40.537,2365.6173834671176,202.5468816,100.0,0,11142.4374592,4,8,2452.0,3872.0,17.9,20.9
40.777,2379.7596832278364,210.7968816,100.0,0,11091.4374592,4,8,2499.0,4089.0,17.9,20.9
40.812,2381.861944444443,212.0,100.0,0,11084.0,5,8,2503.8043003651205,4110.751432865046,17.9,20.9
41.097,2399.3457996901393,219.1250048,100.0,0,11305.58764928,5,8,2524.0,4195.0,17.9,20.9
41.212,2406.52861111111,222.0,100.0,0,11395.0,5,8,2539.5554872414586,4259.336156820342,17.9,20.9
41.317,2413.133663292863,224.6250048,100.0,0,11468.5001344,5,8,2556.0,4328.0,17.9,20.9
41.412,2419.139722222221,227.0,100.0,0,11535.0,5,8,2570.09362361578,4387.384442132963,17.9,20.9
41.577,2429.6239434646063,228.7678592,100.0,0,11765.4109824,5,8,2593.0,4488.0,17.9,20.9
41.692,2437.02861111111,230.0,100.0,0,11926.0,5,8,2608.0441695272593,4560.139638106736,17.9,20.9
41.738,2440.0230044964346,231.38000384,100.0,0,11797.1996416,5,8,2614.0,4589.0,17.9,20.9
41.892,2450.1397222222213,236.0,100.0,0,11366.0,5,8,2634.089890051959,4684.93159606156,17.9,20.9
41.978,2455.7978709938116,236.71666773333334,100.0,0,11211.1997696,5,8,2646.0,4743.0,17.9,20.9
42.132,2466.0063888888876,238.0,100.0,0,10934.0,6,8,2668.333693213969,4856.497780757179,17.9,20.9
42.137,2466.3417877860406,238.14583893333332,100.0,0,10936.500096,6,8,2669.0,4860.0,17.9,20.9
42.372,2482.339722222221,245.0,100.0,0,11054.0,6,8,2694.5608588368323,5005.209965905689,17.9,20.9
42.437,2486.8018372719935,245.97500288,100.0,0,11079.35007488,6,8,2701.0,5047.0,17.9,20.9
42.477,2489.5525939912777,246.57500288,100.0,0,11094.95007488,6,8,2705.0,5074.0,17.9,20.9
42.572,2496.117499999999,248.0,100.0,0,11132.0,6,8,2714.7313647722585,5139.307200132974,17.9,20.9
42.717,2506.2378315542855,250.01389155555555,100.0,0,11223.833454933334,6,8,2729.0,5238.0,17.9,20.9
42.932,2521.417499999999,253.0,100.0,0,11360.0,6,8,2744.6826781162217,5385.790741443804,17.9,20.9
42.938,2521.842986905889,253.0857161142857,100.0,0,11362.785773714286,6,8,2745.0,5391.0,17.9,20.9
43.212,2541.406388888888,257.0,100.0,0,11490.0,6,8,2752.0466626232296,5671.160951972257,17.9,20.9
43.237,2543.2101210342407,257.1785728,100.0,0,11490.892864,6,8,2752.0,5689.0,17.9,20.9
43.478,2560.5693619308395,258.9000009142857,100.0,0,11499.500004571428,6,8,2743.0,5787.0,17.9,20.9
43.492,2561.5508333333323,259.0,100.0,0,11500.0,6,8,2741.6318601834023,5794.521054666697,17.9,20.9
43.678,2574.2175455673155,248.37142125714286,33.57138285714285,0,10865.606706285715,6,8,2715.0,5924.0,17.9,20.9
43.772,2580.4508333333324,243.0,0.0,1,10545.0,6,8,2698.730667872953,5984.371829005888,17.9,20.9
43.932,2590.8063888888883,233.0,0.0,1,10108.0,6,8,2661.833609982349,6083.825315232335,17.9,20.9
43.938,2591.179808821392,232.3249856,0.0,1,10127.875424,6,8,2660.0,6088.0,17.9,20.9
44.092,2600.3619444444435,215.0,0.0,1,10638.0,6,8,2601.352532695209,6207.238555307116,17.9,20.9
44.238,2608.574838634483,204.65832426666665,0.0,1,11058.967035733333,6,8,2550.0,6301.0,17.9,20.9
44.332,2613.5619444444437,198.0,0.0,1,11330.0,6,8,2531.2892931481115,6331.470632621947,17.9,20.9
44.498,2621.7012896164197,181.9928448,0.0,1,11449.7572352,6,8,2509.0,6358.0,17.9,20.9
44.612,2626.861944444444,171.0,0.0,1,11532.0,4,8,2483.3296290257176,6388.844918258979,17.9,20.9
44.818,2635.4078683530133,151.17572520817401,0.0,1,10470.970336141834,4,8,2411.0,6465.0,17.9,20.9
44.851,2636.6874999999995,148.0,0.0,1,10301.0,3,8,2395.8320740330428,6478.081293984722,17.9,20.9
45.078,2644.835604482665,135.61817832727272,0.0,1,9391.967925527273,3,8,2286.0,6561.0,17.9,20.9
45.291,2651.843055555555,124.0,0.0,1,8539.0,3,8,2247.612778217327,6584.158013224218,17.9,20.9
45.458,2657.1282058845186,114.81499648,0.0,1,7864.31974144,3,8,2222.0,6592.0,17.9,20.9
45.491,2658.120833333333,113.0,0.0,1,7731.0,3,8,2213.4346345080094,6595.116859498866,17.9,20.9
45.558,2660.069167636808,109.6499968,0.0,1,7530.239093942857,3,8,2194.0,6602.0,17.9,20.9
45.771,2665.8208333333328,99.0,0.0,1,6892.0,3,8,2136.028671474724,6613.870401274555,17.9,20.9
45.878,2668.615916239213,95.78999808,0.0,1,6561.36980224,3,8,2109.0,6615.0,17.9,20.9
45.971,2670.9874999999993,93.0,0.0,1,6274.0,3,8,2086.497998897456,6613.756043768897,17.9,20.9
46.059,2673.1685236680605,90.8,0.0,1,6106.066666666667,3,8,2066.0,6610.0,17.9,20.9
46.211,2676.7874999999995,87.0,0.0,1,5816.0,3,8,2032.4659494269417,6596.741904045427,17.9,20.9
46.218,2676.9494754209945,86.82572450143721,0.029045916427131335,1,5811.178377873096,3,8,2031.0,6596.0,17.9,20.9
46.339,2679.684204961115,83.81327716203211,0.5311204729946485,1,5727.834001482888,3,8,2007.0,6582.0,17.9,20.9
46.452,2682.2099999999996,81.0,1.0,0,5650.0,3,8,1987.4169580356613,6567.79398271358,17.9,20.9
46.612,2685.8099999999995,81.0,1.0,0,5583.0,3,8,1962.3621649526076,6541.221316512194,17.9,20.9
46.639,2686.3974564466757,80.43749866666667,2.125002666666667,0,5605.500053333333,3,8,1958.0,6535.0,17.9,20.9
46.852,2690.876666666666,76.0,11.0,0,5783.0,3,8,1923.6799574653194,6472.673913322579,17.9,20.9
46.898,2691.8658903712007,76.5750016,13.300006400000001,0,5827.083456,3,8,1918.0,6461.0,17.9,20.9
47.092,2696.143333333333,79.0,23.0,0,6013.0,3,8,1904.4445728482335,6429.093106398035,17.9,20.9
47.297,2700.702953865431,80.2812512,32.609384,0,6238.5002112,3,8,1896.0,6401.0,17.9,20.9
47.412,2703.343333333333,81.0,38.0,0,6365.0,3,8,1888.1800914430692,6376.158782590574,17.9,20.9
47.458,2704.4258430359764,82.1500032,38.7666688,0,6453.166912,3,8,1885.0,6365.0,17.9,20.9
47.652,2709.143333333333,87.0,42.0,0,6825.0,3,8,1873.3307525067457,6314.347121704643,17.9,20.9
47.678,2709.7912441415865,87.812504,43.4625072,0,6901.0503744,3,8,1872.0,6308.0,17.9,20.9
47.812,2713.232222222222,92.0,51.0,0,7293.0,3,8,1865.9655416368303,6278.201193717625,17.9,20.9
47.877,2715.0173653286283,94.97917546666666,53.70834133333334,0,7355.833518933333,3,8,1863.0,6263.0,17.9,20.9
48.052,2720.0988888888887,103.0,61.0,0,7525.0,3,8,1854.1605913589517,6215.214612557142,17.9,20.9
48.077,2720.831052543663,103.6250048,63.343768,0,7637.3446128,3,8,1853.0,6208.0,17.9,20.9
48.212,2724.854444444444,107.0,76.0,0,8244.0,3,8,1847.6022814142136,6168.317172729118,17.9,20.9
48.318,2728.2428945648285,113.625008,81.3000064,0,8571.937896,3,8,1844.0,6139.0,17.9,20.9
48.372,2730.054444444444,117.0,84.0,0,8739.0,3,8,1842.2711039489361,6125.436248723298,17.9,20.9
48.598,2738.245886847796,128.3000064,95.3000064,0,10085.1132624,3,8,1835.0,6071.0,17.9,20.9
48.692,2741.876666666666,133.0,100.0,0,10645.0,3,8,1831.225017474591,6042.5059368895145,17.9,20.9
48.917,2751.010693819673,143.62500906666668,100.0,0,11316.875573333333,3,8,1820.0,5949.0,17.9,20.9
49.052,2756.876666666666,150.0,100.0,0,11720.0,3,14,1811.7386079693943,5867.002512119542,17.9,20.9
49.138,2760.787666941298,156.88001024,100.0,0,11720.43000064,3,14,1807.0,5819.0,17.9,20.9
49.252,2766.0988888888883,166.0,100.0,0,11721.0,3,14,1802.302271677675,5772.919613424875,17.9,20.9
49.412,2773.6544444444435,170.0,100.0,0,10881.0,4,12,1798.2219631353225,5735.150119709569,17.9,20.9
49.578,2781.966764109379,177.2625056,100.0,0,11259.1690416,4,12,1790.0,5638.0,17.9,20.9
49.698,2788.218552633088,182.5125056,100.0,0,11532.5440416,4,12,1781.0,5524.0,17.9,20.9
49.732,2790.009999999999,184.0,100.0,0,11610.0,4,12,1778.821123363853,5495.549671138696,17.9,20.9
50.132,2811.8988888888875,197.0,100.0,0,11215.0,4,12,1767.3754128146727,5315.994065202122,17.9,20.9
50.178,2814.553054028805,199.07000576,100.0,0,11226.73003264,4,12,1766.0,5293.0,17.9,20.9
50.532,2835.7877777777762,215.0,100.0,0,11317.0,5,12,1751.3542390278064,5058.464034978483,17.9,20.9
50.598,2839.807853034027,216.98000384,100.0,0,11400.16016128,5,12,1749.0,5019.0,17.9,20.9
50.732,2848.065555555554,221.0,100.0,0,11569.0,5,12,1745.1871453042158,4950.9969305065515,17.9,20.9
50.938,2861.250082744681,229.58333866666666,100.0,0,11850.533508266666,5,12,1740.0,4856.0,17.9,20.9
50.972,2863.465555555554,231.0,100.0,0,11897.0,5,12,1738.9289003048218,4837.9264066761225,17.9,20.9
51.138,2874.4059237920264,235.7428608,100.0,0,11253.749504,5,12,1733.0,4740.0,17.9,20.9
51.252,2882.054444444443,239.0,100.0,0,10812.0,5,12,1728.7145062141265,4665.247265779419,17.9,20.9
51.298,2885.1747561522716,240.15288522860988,100.0,0,10853.388579707094,5,12,1727.0,4635.0,17.9,20.9
51.458,2896.1803617891483,244.16290964805458,100.0,0,10997.34845636516,5,12,1721.0,4527.0,17.9,20.9
51.651,2909.651944444443,249.0,100.0,0,11171.0,6,12,1712.1109426364985,4345.17503043818,17.9,20.9
51.778,2918.5844418209394,252.1750016,100.0,0,11328.48007936,6,12,1707.0,4237.0,17.9,20.9
51.851,2923.763055555554,254.0,100.0,0,11419.0,6,12,1704.8206156397703,4191.206604534566,17.9,20.9
52.118,2943.023495206036,259.0062512,100.0,0,11592.5500416,6,12,1699.0,4063.0,17.9,20.9
52.171,2946.874166666665,260.0,100.0,0,11627.0,6,12,1697.3860780314149,4023.894238489156,17.9,20.9
52.299,2956.188655348937,261.6,100.0,0,11104.333333333334,6,12,1693.0,3918.0,17.9,20.9
52.411,2964.4074999999984,263.0,100.0,0,10647.0,6,12,1689.314255838155,3837.1585330375124,17.9,20.9
52.599,2978.4312462094417,267.7,100.0,0,10700.266666666666,6,12,1683.0,3712.0,17.9,20.9
52.651,2982.340833333332,269.0,100.0,0,10715.0,7,12,1681.0480800018545,3673.948320395016,17.9,20.9
52.778,2991.9259784010164,270.8078305042746,100.0,0,10795.448457440218,7,12,1676.0,3577.0,17.9,20.9
52.932,3003.6499999999983,273.0,100.0,0,10893.0,7,12,1669.7683638220037,3460.819271196774,17.9,20.9
52.978,3007.181308713463,273.8625024,100.0,0,10926.4938432,7,12,1668.0,3426.0,17.9,20.9
53.238,3027.3569755815242,278.7375024,100.0,0,11115.8063432,7,12,1659.0,3226.0,17.9,20.9
53.252,3028.4499999999985,279.0,100.0,0,11126.0,7,12,1658.5228569509397,3215.1124414749534,17.9,20.9
53.452,3044.116666666665,282.0,100.0,0,11204.0,7,12,1651.773617669855,3058.6201312842304,17.9,20.9
53.477,3046.079271133429,282.1562512,100.0,0,11207.90628,7,12,1651.0,3039.0,17.9,20.9
53.577,3053.9383050188703,282.7812512,100.0,0,11223.53128,7,12,1648.0,2961.0,17.9,20.9
53.612,3056.694444444443,283.0,100.0,0,11229.0,7,12,1646.8427152442255,2934.51149811299,17.9,20.9
53.738,3066.645094383336,284.26000128,100.0,0,11344.92011776,7,12,1642.0,2834.0,17.9,20.9
53.812,3072.527777777776,285.0,100.0,0,11413.0,7,12,1638.6201045598214,2758.2952304830496,17.9,20.9
53.972,3085.372222222221,289.0,100.0,0,11434.0,7,12,1630.7984978623942,2572.441953462647,17.9,20.9
54.018,3089.0927087978707,289.6571446857143,100.0,0,11457.000064,7,12,1629.0,2530.0,17.9,20.9
54.252,3108.1611111111097,293.0,100.0,0,11574.0,7,12,1623.2793106544361,2402.313870397059,17.9,20.9
54.357,3116.7514074516607,293.8750016,100.0,0,11289.62448,7,12,1620.0,2335.0,17.9,20.9
54.492,3127.8277777777757,295.0,100.0,0,10924.0,7,12,1613.6574294202528,2206.074732992536,17.9,20.9
54.677,3143.0859586339257,296.85000192,100.0,0,10606.72467072,7,12,1604.0,2012.0,17.9,20.9
54.692,3144.327777777776,297.0,100.0,0,10581.0,8,12,1603.3564315055478,1999.256871153927,17.9,20.9
55.012,3170.9944444444427,300.0,100.0,0,10732.0,8,12,1592.9422673503632,1797.6570296830314,17.9,20.9
55.038,3173.1750576559075,300.2785728,100.0,0,10736.2714496,8,12,1592.0,1779.0,17.9,20.9
55.257,3191.6099708671513,302.62500205714286,100.0,0,10772.250031542857,8,12,1583.0,1595.0,17.9,20.9
55.292,3194.5611111111093,303.0,100.0,0,10778.0,8,12,1581.615174191387,1565.0895349077732,17.9,20.9
55.452,3208.0722222222203,304.0,100.0,0,10773.0,8,12,1575.6206806159885,1431.0393626669536,17.9,20.9
55.517,3213.5873568510315,304.54166826666665,100.0,0,10787.263931022222,8,12,1573.0,1376.0,17.9,20.9
55.678,3227.3205460129448,305.8833344,100.0,0,10822.594472533334,8,12,1566.0,1240.0,17.9,20.9
55.812,3238.77222222222,307.0,100.0,0,10852.0,8,12,1560.685763694759,1138.86596273847,17.9,20.9
55.878,3244.4117791020244,307.4125008,100.0,0,10881.2875568,8,12,1557.0,1070.0,17.9,20.9
55.972,3252.4611111111094,308.0,100.0,0,10923.0,8,12,1549.598098964591,933.1785147006896,17.9,20.9
56.057,3259.7816258428234,308.47222328888887,100.0,0,10951.569508977778,8,12,1543.0,813.0,17.9,20.9
56.332,3283.4611111111094,310.0,100.0,0,11044.0,8,12,1533.38647398644,650.1857859508397,17.9,20.9
56.378,3287.3486008681853,307.9874944,85.62496,0,10962.062272,8,12,1532.0,624.0,17.9,20.9
56.617,3307.0141572405814,297.5312416,10.937439999999995,0,10536.343408,8,12,1523.0,435.0,17.9,20.9
56.652,3309.7722222222205,296.0,0.0,1,10474.0,8,8,1521.7192063159912,407.00588126956353,17.9,20.9
56.932,3330.5388888888874,267.0,0.0,1,10052.0,8,8,1516.3303471045238,187.6256643830114,17.9,20.9
56.958,3332.343863076143,264.1214144,0.0,1,10078.8358464,8,8,1517.0,164.0,17.9,20.9
57.138,3344.2623064286227,244.19284297142858,0.0,1,10264.621560685715,8,8,1527.0,-6.0,17.9,20.9
57.212,3348.8944444444433,236.0,0.0,1,10341.0,8,8,1531.8376829372662,-57.55275421232099,17.9,20.9
57.518,3366.5372832847843,208.2687384,0.0,1,11465.5504704,8,8,1556.0,-180.0,17.9,20.9
57.532,3367.294444444443,207.0,0.0,1,11517.0,6,8,1557.4901105989884,-186.3459541110268,17.9,20.9
57.678,3374.9500005646514,198.7874928,0.30416693333333333,1,11218.003904533334,6,8,1578.0,-262.0,17.9,20.9
57.958,3388.692989495006,183.0374928,0.8875002666666667,1,10644.587237866666,6,8,1661.0,-433.0,17.9,20.9
58.012,3391.294444444443,180.0,1.0,1,10534.0,4,8,1675.8457833818757,-456.3124420947902,17.9,20.9
58.252,3402.694444444443,171.0,2.0,1,9974.0,4,8,1728.616953431745,-508.3717729786955,17.9,20.9
58.418,3410.3448602973976,167.76322927897863,20.958228508839486,1,10043.821768410604,4,8,1775.0,-537.0,17.9,20.9
58.578,3417.569175654635,164.6434526763761,39.23120575265413,1,10111.119806552459,4,8,1841.0,-575.0,17.9,20.9
58.611,3419.048888888887,164.0,43.0,0,10125.0,4,8,1860.3956792473634,-583.8509651698815,17.9,20.9
58.771,3426.2044444444427,161.0,59.0,0,10061.0,4,8,1975.6963341449386,-628.4007678615103,17.9,20.9
58.819,3428.3737971062,161.66666666666666,61.53333333333333,0,10135.133333333333,4,8,2004.0,-639.0,17.9,20.9
59.131,3442.8044444444427,166.0,78.0,0,10617.0,4,8,2081.7419880903603,-665.6435578691369,17.9,20.9
59.258,3448.8131684496793,169.1750016,79.5875008,0,10683.6750336,4,8,2140.0,-667.0,17.9,20.9
59.371,3454.2711111111093,172.0,81.0,0,10743.0,4,8,2228.0710473961194,-667.0212641511421,17.9,20.9
59.458,3458.5731512686675,175.09608839199166,86.88256794478416,0,10935.267089142682,4,8,2294.0,-666.0,17.9,20.9
59.652,3468.4772222222205,182.0,100.0,0,11364.0,4,8,2371.9470864115215,-659.7754330388836,17.9,20.9
59.858,3479.4591420464885,188.08636741818182,100.0,0,11636.9501696,4,8,2436.0,-639.0,17.9,20.9
60.092,3492.3105555555535,195.0,100.0,0,11947.0,4,8,2585.6472488185937,-587.3969598835336,17.9,20.9
60.097,3492.5868901175527,195.156256,100.0,0,11935.124544,4,8,2589.0,-586.0,17.9,20.9
60.252,3501.1994444444426,200.0,100.0,0,11567.0,4,8,2689.8101785156064,-536.8535862949159,17.9,20.9
60.452,3512.5327777777757,204.0,100.0,0,10706.0,4,8,2803.072442081495,-466.9774224509814,17.9,20.9
60.458,3512.877440343208,204.1500032,100.0,0,10711.425115733333,4,8,2806.0,-465.0,17.9,20.9
60.692,3526.5327777777757,210.0,100.0,0,10923.0,5,8,2899.133395438838,-393.4232460022722,17.9,20.9
60.837,3535.1849711490654,214.531256,100.0,0,11169.5003264,5,8,2945.0,-352.0,17.9,20.9
60.852,3536.088333333331,215.0,100.0,0,11195.0,5,8,2949.503662222968,-347.76413135719105,17.9,20.9
61.177,3556.013571559439,220.41666986666667,100.0,0,11404.444568177778,5,8,3046.0,-246.0,17.9,20.9
61.212,3558.1883333333312,221.0,100.0,0,11427.0,5,8,3058.5962706418477,-231.05431826317317,17.9,20.9
61.372,3568.1883333333312,225.0,100.0,0,11495.0,5,8,3121.137026034681,-152.4565620951273,17.9,20.9
61.398,3569.822707455981,225.3250016,100.0,0,11518.833450666667,5,8,3131.0,-139.0,17.9,20.9
61.612,3583.3883333333315,228.0,100.0,0,11715.0,5,8,3205.3435427674,-24.26063591565673,17.9,20.9
61.717,3590.135864727315,229.87500342857143,100.0,0,11322.749282742858,5,8,3238.0,34.0,17.9,20.9
61.858,3599.289441626365,232.39285942857143,100.0,0,10796.013807542857,5,8,3279.0,115.0,17.9,20.9
61.892,3601.5105555555538,233.0,100.0,0,10669.0,5,8,3288.923954748837,135.916830475029,17.9,20.9
62.138,3617.7494755383705,237.39285942857143,100.0,0,10823.628651885714,5,8,3359.0,296.0,17.9,20.9
62.172,3620.0216666666643,238.0,100.0,0,10845.0,6,8,3367.363982005968,316.5084060417102,17.9,20.9
62.398,3635.3017021754713,242.2375024,100.0,0,10957.2938136,6,8,3417.0,445.0,17.9,20.9
62.492,3641.710555555553,244.0,100.0,0,11004.0,6,8,3438.9342759026376,502.03570790213826,17.9,20.9
62.732,3658.17722222222,247.0,100.0,0,11114.0,6,8,3501.3102123874755,656.1607795341301,17.9,20.9
62.738,3658.5921116840946,247.10000213333333,100.0,0,11117.75008,6,8,3503.0,660.0,17.9,20.9
62.837,3665.46417286796,248.7500032,100.0,0,11179.62512,6,8,3532.0,723.0,17.9,20.9
62.972,3674.9105555555534,251.0,100.0,0,11264.0,6,8,3576.51887995818,807.5187663451002,17.9,20.9
63.117,3685.1457198858634,252.8125024,100.0,0,11335.5938448,6,8,3627.0,893.0,17.9,20.9
63.292,3697.57722222222,255.0,100.0,0,11422.0,6,8,3692.151121444698,991.4114499341757,17.9,20.9
63.318,3699.426738431814,255.13000064,100.0,0,11430.64504256,6,8,3706.0,1010.0,17.9,20.9
63.498,3712.248654059345,256.03000064,100.0,0,11490.49504256,6,8,3830.0,1164.0,17.9,20.9
63.692,3726.1327777777756,257.0,100.0,0,11555.0,6,8,3935.806444708285,1275.951151688426,17.9,20.9
63.852,3737.6438888888865,259.0,100.0,0,11634.0,6,8,4005.932607629031,1328.5502911544604,17.9,20.9
63.957,3745.196035651462,259.0,100.0,0,11637.6093816,6,8,4064.0,1365.0,17.9,20.9
64.172,3760.666111111109,259.0,100.0,0,11645.0,6,8,4214.222766127898,1446.3890547019644,17.9,20.9
64.332,3772.221666666664,260.0,100.0,0,11505.0,7,8,4319.619247865737,1497.4552537087186,17.9,20.9
64.338,3772.6557401432196,260.02142902857145,100.0,0,11483.635258514285,7,8,4323.0,1499.0,17.9,20.9
64.612,3792.5216666666643,261.0,100.0,0,10508.0,7,8,4448.362244861743,1546.8064617273346,17.9,20.9
64.658,3795.8603417490745,261.1277781333333,100.0,0,10513.494459733334,7,8,4473.0,1554.0,17.9,20.9
64.972,3818.721666666664,262.0,100.0,0,10551.0,7,8,4693.690719247784,1604.367977206774,17.9,20.9
64.998,3820.628939737139,262.39196160258524,100.0,0,10564.84930995801,7,8,4713.0,1607.0,17.9,20.9
65.158,3832.411450869744,264.80402112835503,100.0,0,10650.075413201877,7,8,4829.0,1616.0,17.9,20.9
65.171,3833.370277777776,265.0,100.0,0,10657.0,7,8,4837.980969886171,1616.3267783896556,17.9,20.9
65.398,3850.1334463762114,265.7093752,100.0,0,10652.7437488,7,8,5005.0,1607.0,17.9,20.9
65.491,3857.0147222222204,266.0,100.0,0,10651.0,7,8,5106.811524862577,1587.02838097206,17.9,20.9
65.598,3864.9427032826775,266.4458336,100.0,0,10672.8458464,7,8,5222.0,1560.0,17.9,20.9
65.731,3874.81472222222,267.0,100.0,0,10700.0,7,8,5309.051138404427,1535.8146749813993,17.9,20.9
65.891,3886.725833333332,268.0,100.0,0,10700.0,7,8,5364.529629993484,1510.4146644469108,17.9,20.9
65.978,3893.233715263611,268.61921767839834,100.0,0,10722.60144526154,7,8,5419.0,1484.0,17.9,20.9
66.172,3907.8008333333314,270.0,100.0,0,10773.0,7,8,5601.450751608914,1395.8030798581287,17.9,20.9
66.219,3911.3306451228873,270.1958336,100.0,0,10786.1208512,7,8,5640.0,1377.0,17.9,20.9
66.412,3925.867499999999,271.0,100.0,0,10840.0,7,8,5739.68974571736,1327.07628069998,17.9,20.9
66.518,3933.9382759357322,271.96363752727274,90.84544349090909,0,10788.927211054546,7,8,5792.0,1301.0,17.9,20.9
66.738,3950.828033640332,273.96363752727274,71.84544349090909,0,10682.927211054546,7,8,5943.0,1228.0,17.9,20.9
66.852,3959.47861111111,275.0,62.0,1,10628.0,7,8,6023.254692917496,1189.8970738995843,17.9,20.9
66.937,3965.8629299591757,270.32498944,35.64994048,1,10318.59930112,7,8,6080.0,1163.0,17.9,20.9
67.052,3974.1452777777768,264.0,0.0,1,9900.0,7,8,6150.732657185067,1129.255831617149,17.9,20.9
67.157,3981.008967350995,249.99997439999999,0.0,1,10073.541984,7,8,6217.0,1094.0,17.9,20.9
67.412,3995.7452777777767,216.0,0.0,1,10495.0,7,8,6395.949641150395,977.7336211662489,17.9,20.9
67.457,3998.268288033508,210.9374784,0.0,1,10300.3741696,7,8,6418.0,962.0,17.9,20.9
67.572,4004.5452777777764,198.0,0.0,1,9803.0,7,8,6453.0287404777,934.6705043674066,17.9,20.9
67.717,4011.746046457968,187.1249856,0.0,1,9791.03748416,7,8,6481.0,907.0,17.9,20.9
67.898,4019.896647988209,173.5499904,0.0,1,9776.10498944,7,8,6539.0,844.0,17.9,20.9
67.972,4023.2119444444425,168.0,0.0,1,9770.0,4,8,6563.833284684726,806.4263915106227,17.9,20.9
68.237,4035.009077335112,160.42856594285715,0.0,1,9116.017383314285,4,8,6636.0,658.0,17.9,20.9
68.252,4035.656388888887,160.0,0.0,1,9079.0,4,8,6638.145836600155,652.6657999659642,17.9,20.9
68.452,4044.045277777776,151.0,0.0,1,8787.0,4,8,6647.941773443107,613.5599278843738,17.9,20.9
68.517,4046.7232631414436,149.69999616,0.0,1,8734.02484352,4,8,6650.0,600.0,17.9,20.9
68.652,4052.211944444443,147.0,0.0,0,8624.0,4,8,6657.66917902704,559.5008840230503,17.9,20.9
68.852,4060.100833333332,142.0,2.0,0,8628.0,4,8,6666.076518677744,464.0325553722213,17.9,20.9
68.857,4060.296087384183,141.97499904,2.51251968,0,8627.63748608,4,8,6666.0,461.0,17.9,20.9
69.058,4068.0944608006635,140.96999936,23.11501312,0,8613.06499072,4,8,6654.0,330.0,17.9,20.9
69.252,4075.6563888888872,140.0,43.0,0,8599.0,4,8,6641.04507884607,268.81365423015103,17.9,20.9
69.412,4082.011944444443,143.0,59.0,0,8936.0,4,8,6627.004250847833,239.63656067780676,17.9,20.9
69.438,4083.0576091823814,143.406252,59.8937544,0,8969.8001664,4,8,6624.0,233.0,17.9,20.9
69.618,4090.403772155335,146.218752,66.0812544,0,9203.8001664,4,8,6597.0,175.0,17.9,20.9
69.732,4095.167499999998,148.0,70.0,0,9352.0,4,8,6572.905998547851,134.1658140966535,17.9,20.9
69.758,4096.266926801529,148.812504,70.4875024,0,9382.2251488,4,8,6567.0,125.0,17.9,20.9
69.892,4101.967499999998,153.0,73.0,0,9538.0,4,8,6535.263923013705,79.83093385194483,17.9,20.9
70.078,4109.796300113547,153.0,78.42500373333333,0,10101.425387733334,4,8,6482.0,18.0,17.9,20.9
70.132,4112.167499999999,153.0,80.0,0,10265.0,4,8,6462.954957412458,-1.1325846253070786,17.9,20.9
70.258,4117.986332707277,161.40000853333333,90.50001066666667,0,10562.150301866666,4,8,6416.0,-45.0,17.9,20.9
70.372,4123.434166666665,169.0,100.0,0,10831.0,4,8,6378.231307620179,-77.86359050811998,17.9,20.9
70.478,4128.530356877959,172.18000384,96.81999616,0,11042.47025536,4,8,6344.0,-106.0,17.9,20.9
70.572,4133.156388888888,175.0,94.0,0,11230.0,4,8,6311.470138986352,-131.90326988639006,17.9,20.9
70.638,4136.505725409164,178.06429165714286,95.41428845714286,0,11259.464342857143,4,8,6282.0,-153.0,17.9,20.9
70.852,4147.77861111111,188.0,100.0,0,11355.0,4,8,6136.0884411009465,-242.59359730086993,17.9,20.9
70.918,4151.294040525992,189.41428845714285,100.0,0,11384.464342857143,4,8,6096.0,-266.0,17.9,20.9
71.132,4162.8674999999985,194.0,100.0,0,11480.0,4,8,6018.405780735236,-309.0539672217963,17.9,20.9
71.298,4172.210297071091,200.916672,100.0,0,10947.416256,4,8,5964.0,-337.0,17.9,20.9
71.372,4176.467499999998,204.0,100.0,0,10710.0,4,8,5930.084100608763,-354.58342693459895,17.9,20.9
71.538,4186.199255543905,209.5333376,100.0,0,10753.5750336,4,8,5841.0,-401.0,17.9,20.9
71.612,4190.600833333331,212.0,100.0,0,10773.0,5,8,5801.754525923241,-421.5323849183169,17.9,20.9
71.758,4199.391993560162,216.59119714568166,100.0,0,11220.182601989392,5,8,5725.0,-462.0,17.9,20.9
71.771,4200.184999999999,217.0,100.0,0,11260.0,5,8,5718.093337138725,-465.6763289359202,17.9,20.9
71.818,4203.068118524409,218.34285897142857,100.0,0,11317.910793142857,5,8,5693.0,-479.0,17.9,20.9
71.998,4214.324267799095,223.4857161142857,100.0,0,11539.69650742857,5,8,5595.0,-529.0,17.9,20.9
72.051,4217.684999999999,225.0,100.0,0,11605.0,5,8,5565.6965533136,-544.1344190820906,17.9,20.9
72.238,4229.6786433742745,230.61000192,100.0,0,11727.48504192,5,8,5461.0,-599.0,17.9,20.9
72.251,4230.5183333333325,231.0,100.0,0,11736.0,5,8,5453.663659939777,-602.8084849494292,17.9,20.9
72.459,4244.0674731773715,234.46666666666667,100.0,0,11250.666666666666,5,8,5335.0,-664.0,17.9,20.9
72.491,4246.184999999999,235.0,100.0,0,11176.0,5,8,5316.419478801529,-673.6962247826488,17.9,20.9
72.618,4254.695361504686,237.9043677544273,100.0,0,11154.613291990127,5,8,5242.0,-713.0,17.9,20.9
72.798,4267.028550523298,242.02079241856697,100.0,0,11124.301437645097,5,8,5136.0,-770.0,17.9,20.9
72.972,4279.0533333333315,246.0,100.0,0,11095.0,6,8,5032.049365164015,-825.4931658409263,17.9,20.9
73.078,4286.401183966126,247.472224,100.0,0,11169.2000896,6,8,4968.0,-860.0,17.9,20.9
73.237,4297.471706406392,249.68055822222223,100.0,0,11280.5001344,6,8,4871.0,-913.0,17.9,20.9
73.332,4304.153333333332,251.0,100.0,0,11347.0,6,8,4812.566261465834,-944.4683211963531,17.9,20.9
73.457,4313.030296388246,253.18750336,100.0,0,11357.62501632,6,8,4735.0,-986.0,17.9,20.9
73.677,4328.846711361088,257.03750336,100.0,0,11376.32501632,6,8,4597.0,-1061.0,17.9,20.9
73.732,4332.819999999999,258.0,100.0,0,11381.0,6,8,4562.930528910498,-1079.7487850669686,17.9,20.9
73.892,4344.419999999998,261.0,100.0,0,10838.0,6,8,4464.43235011396,-1134.4400984385668,17.9,20.9
73.997,4352.07821153114,262.3125024,100.0,0,10540.0619552,6,8,4395.0,-1173.0,17.9,20.9
74.052,4356.108888888888,263.0,100.0,0,10384.0,7,8,4356.448053169186,-1194.3632794848024,17.9,20.9
74.197,4366.807038741848,264.8125024,100.0,0,10509.5157912,7,8,4254.0,-1251.0,17.9,20.9
74.372,4379.842222222221,267.0,100.0,0,10661.0,7,8,4149.4143599812805,-1308.5987856101422,17.9,20.9
74.458,4386.290621809621,268.0750016,100.0,0,10704.000064,7,8,4098.0,-1337.0,17.9,20.9
74.638,4399.857295801794,270.3250016,100.0,0,10794.000064,7,8,3981.0,-1402.0,17.9,20.9
74.692,4403.931111111109,271.0,100.0,0,10821.0,7,8,3945.1957582232135,-1421.9357531997412,17.9,20.9
74.852,4416.019999999999,272.0,100.0,0,10885.0,7,8,3838.798048000946,-1481.232775481995,17.9,20.9
74.958,4424.090883420313,273.59000192,100.0,0,10929.52005376,7,8,3769.0,-1520.0,17.9,20.9
75.052,4431.297777777777,275.0,100.0,0,10969.0,7,8,3707.807338959764,-1553.8505301865441,17.9,20.9
75.137,4437.855840844528,276.21428845714286,100.0,0,11001.48221622857,7,8,3648.0,-1587.0,17.9,20.9
75.332,4452.997777777776,279.0,100.0,0,11076.0,7,8,3482.778277505058,-1679.2968743422193,17.9,20.9
75.418,4459.682087900699,279.35833386666667,100.0,0,11081.375008,7,8,3419.0,-1715.0,17.9,20.9
75.572,4471.664444444443,280.0,100.0,0,11091.0,7,8,3337.975186210003,-1760.3316826404905,17.9,20.9
75.677,4479.853425965807,280.6562512,100.0,0,11169.0938928,7,8,3283.0,-1791.0,17.9,20.9
75.732,4484.153333333332,281.0,100.0,0,11210.0,7,8,3248.4586541487433,-1810.234615115096,17.9,20.9
75.897,4497.106840976083,282.3750016,100.0,0,11197.6249856,7,8,3132.0,-1875.0,17.9,20.9
75.972,4503.019999999998,283.0,100.0,0,11192.0,7,8,3082.240041137794,-1902.6571283272906,17.9,20.9
76.118,4514.572603354842,284.46000128,100.0,0,11273.76007168,7,8,2981.0,-1959.0,17.9,20.9
76.172,4518.853333333332,285.0,100.0,0,11304.0,7,8,2935.8091560294847,-1984.2186929687655,17.9,20.9
76.412,4537.919999999999,286.0,100.0,0,11323.0,7,8,2717.4430476691277,-2106.269656065495,17.9,20.9
76.438,4539.9930811273425,286.21666773333334,100.0,0,11333.508385066667,7,8,2700.0,-2116.0,17.9,20.9
76.652,4557.119999999999,288.0,100.0,0,11420.0,7,8,2608.0639239014845,-2167.0471984947912,17.9,20.9
76.718,4562.423637416131,288.3666673777778,100.0,0,11433.750026666667,7,8,2574.0,-2186.0,17.9,20.9
77.012,4586.119999999999,290.0,100.0,0,11495.0,7,8,2329.706633919684,-2322.3542383855684,17.9,20.9
77.037,4588.13357839434,290.0,100.0,0,11495.87500672,7,8,2307.0,-2335.0,17.9,20.9
77.212,4602.23111111111,290.0,100.0,0,11502.0,7,8,2150.3283890820294,-2422.0240313944437,17.9,20.9
77.438,4620.537315811526,291.4125008,100.0,0,11511.8875056,7,8,1981.0,-2516.0,17.9,20.9
77.532,4628.186666666666,292.0,100.0,0,11516.0,7,8,1932.6322016056997,-2543.0223101199854,17.9,20.9
77.772,4647.786666666666,294.0,100.0,0,11585.0,7,8,1828.488936183251,-2602.0125386768145,17.9,20.9
77.778,4648.276704202173,294.0,100.0,0,11585.1500032,7,8,1825.0,-2604.0,17.9,20.9
77.932,4660.853333333333,294.0,100.0,0,11589.0,7,8,1718.550573325019,-2664.7269025129262,17.9,20.9
77.978,4664.615959724302,294.1916672,100.0,0,11600.1166976,7,8,1683.0,-2685.0,17.9,20.9
78.159,4679.452861196959,294.9458336,100.0,0,11643.8583488,7,8,1541.0,-2766.0,17.9,20.9
78.172,4680.519999999999,295.0,100.0,0,11647.0,7,8,1532.0675037166789,-2771.122638363807,17.9,20.9
78.318,4692.517629762339,295.4562504,100.0,0,11647.4562504,7,8,1442.0,-2823.0,17.9,20.9
78.492,4706.831111111111,296.0,100.0,0,11648.0,7,8,1322.0119218560276,-2891.6352276653492,17.9,20.9
78.638,4718.8383266320725,296.0,100.0,0,11649.83263709921,7,8,1214.0,-2953.0,17.9,20.9
78.731,4726.482222222221,296.0,100.0,0,11651.0,7,8,1144.9536540934116,-2992.050473222592,17.9,20.9
78.898,4740.196758935976,296.0,100.0,0,11647.4214272,7,8,1029.0,-3058.0,17.9,20.9
78.999,4748.513920062774,296.0,100.0,0,11645.257142857143,7,8,967.0,-3094.0,17.9,20.9
79.011,4749.504444444443,296.0,100.0,0,11645.0,7,8,958.3244349642291,-3098.9887504166572,17.9,20.9
79.211,4765.893333333332,295.0,0.0,1,11658.0,7,8,769.6483678414959,-3205.7286655032963,17.9,20.9
79.279,4771.2106687963715,287.38174071548303,0.0,1,11233.634742077276,7,8,716.0,-3236.0,17.9,20.9
79.452,4783.834444444443,268.0,0.0,1,10154.0,7,8,635.9651989108152,-3281.4361177465275,17.9,20.9
79.539,4789.535253967362,249.29498624000001,0.0,1,10251.44007168,7,8,601.0,-3301.0,17.9,20.9
79.652,4796.334444444443,225.0,0.0,1,10378.0,7,8,544.4589024387114,-3332.0908665181305,17.9,20.9
79.858,4807.180938228179,202.85498624,0.0,1,10089.08482048,7,8,428.0,-3393.0,17.9,20.9
80.052,4816.5566666666655,182.0,0.0,1,9817.0,6,8,335.81635312433485,-3433.823986696058,17.9,20.9
80.118,4819.767083939522,178.2874928,0.0,1,9817.0,6,8,307.0,-3445.0,17.9,20.9
80.212,4824.245555555554,173.0,0.0,1,9817.0,5,8,267.26100580594095,-3459.1106310670316,17.9,20.9
80.277,4827.17622879215,168.1249856,0.0,1,9632.832789333333,5,8,237.0,-3468.0,17.9,20.9
80.452,4834.578888888887,155.0,0.0,1,9137.0,4,8,135.8029404913488,-3489.2150697390166,17.9,20.9
80.537,4838.096764512342,152.02499328,0.0,1,8994.6246784,4,8,94.0,-3496.0,17.9,20.9
80.652,4842.80111111111,148.0,0.0,1,8802.0,4,8,56.90162355678172,-3500.124947627466,17.9,20.9
80.797,4848.64777194377,145.2812464,0.0,1,8576.3434512,4,8,22.0,-3500.0,17.9,20.9
80.812,4849.245555555554,145.0,0.0,1,8553.0,4,8,17.604474076496594,-3499.875805560982,17.9,20.9
81.012,4857.078888888887,141.0,0.0,0,8265.0,4,8,-54.97574434890357,-3496.1008373594004,17.9,20.9
81.158,4862.647237065992,138.07999744,0.0,0,8048.18980992,4,8,-110.0,-3486.0,17.9,20.9
81.212,4864.689999999999,137.0,0.0,0,7968.0,4,8,-128.67775569408622,-3479.9810142040624,17.9,20.9
81.317,4868.649043785072,136.24999862857143,1.1250020571428572,0,7975.500013714286,4,8,-163.0,-3465.0,17.9,20.9
81.492,4875.189999999999,135.0,3.0,0,7988.0,4,8,-216.98772269287522,-3431.736086246628,17.9,20.9
81.558,4877.629324457695,134.1749984,26.5125456,0,8182.7003776,4,8,-236.0,-3417.0,17.9,20.9
81.652,4881.101111111109,133.0,60.0,0,8460.0,4,8,-261.6177444595846,-3394.20777484713,17.9,20.9
81.778,4885.812784867242,134.5750016,52.9124928,0,8438.7374784,4,8,-296.0,-3358.0,17.9,20.9
81.812,4887.101111111109,135.0,51.0,0,8433.0,4,8,-305.9634755776667,-3346.5425405367423,17.9,20.9
81.958,4892.728684039108,137.83889137777777,55.461115022222224,0,8631.722396444444,4,8,-345.0,-3298.0,17.9,20.9
82.018,4895.087141052766,139.00555804444446,57.29444835555556,0,8713.389063111112,4,8,-354.0,-3285.0,17.9,20.9
82.172,4901.301111111109,142.0,62.0,0,8923.0,4,8,-388.46272070771477,-3234.9855057506898,17.9,20.9
82.217,4903.161634836968,143.46250624,64.2500096,0,9017.5004032,4,8,-399.0,-3219.0,17.9,20.9
82.477,4914.300559551022,151.91250624,77.2500096,0,9563.5004032,4,8,-451.0,-3126.0,17.9,20.9
82.572,4918.523333333332,155.0,82.0,0,9763.0,4,8,-470.5120344077491,-3081.7002368575554,17.9,20.9
82.737,4926.052988156433,163.2500096,96.85001728,0,10105.3753984,4,8,-502.0,-3004.0,17.9,20.9
82.772,4927.689999999999,165.0,100.0,0,10178.0,4,8,-507.1780374034844,-2991.2224399481515,17.9,20.9
83.132,4945.3899999999985,177.0,100.0,0,11082.0,4,8,-539.7485797656557,-2878.655892465459,17.9,20.9
83.178,4947.755796108993,179.3000064,100.0,0,11127.2334592,4,8,-545.0,-2846.0,17.9,20.9
83.372,4957.989999999998,189.0,100.0,0,11318.0,4,8,-569.5119192487359,-2673.7322217027195,17.9,20.9
83.378,4958.313434800947,189.18000384,100.0,0,11320.46005248,4,8,-570.0,-2670.0,17.9,20.9
83.638,4972.715110738634,196.98000384,100.0,0,11427.06005248,4,8,-574.0,-2604.0,17.9,20.9
83.772,4980.323333333332,201.0,100.0,0,11482.0,4,8,-576.4282845187674,-2527.057415998619,17.9,20.9
83.878,4986.397396056107,204.0916704,100.0,0,11217.4413472,4,8,-578.0,-2458.0,17.9,20.9
84.012,4994.189999999999,208.0,100.0,0,10883.0,5,8,-577.1837534966941,-2388.2122370627403,17.9,20.9
84.078,4998.096863338369,209.8562536,100.0,0,10960.3439,5,8,-576.0,-2353.0,17.9,20.9
84.332,5013.478888888887,217.0,100.0,0,11258.0,5,8,-568.5135356103453,-2187.745944782292,17.9,20.9
84.418,5018.7595447194435,219.1500032,100.0,0,11374.1001728,5,8,-566.0,-2137.0,17.9,20.9
84.532,5025.812222222221,222.0,100.0,0,11528.0,5,8,-563.1421191773427,-2080.531258320343,17.9,20.9
84.618,5031.175627421173,223.72000256,100.0,0,11626.04014592,5,8,-560.0,-2025.0,17.9,20.9
84.732,5038.367777777777,226.0,100.0,0,11756.0,5,8,-553.1143891929979,-1912.0781383102615,17.9,20.9
84.858,5046.467966250836,230.7250048,100.0,0,11810.3375552,5,8,-545.0,-1783.0,17.9,20.9
84.892,5048.678888888888,232.0,100.0,0,11825.0,5,8,-543.3319426191659,-1756.8417154226074,17.9,20.9
85.172,5067.189999999999,238.0,100.0,0,10718.0,5,8,-536.281297543426,-1650.4194141042897,17.9,20.9
85.258,5072.903690263609,239.08176218092592,100.0,0,10805.622736655,5,8,-534.0,-1612.0,17.9,20.9
85.331,5077.789999999999,240.0,100.0,0,10880.0,6,8,-531.5942765598202,-1569.6662671883562,17.9,20.9
85.418,5083.6938541075215,242.1750016,100.0,0,10955.0375552,6,8,-528.0,-1505.0,17.9,20.9
85.571,5094.189999999999,246.0,100.0,0,11087.0,6,8,-519.3380952212232,-1347.4572389673756,17.9,20.9
85.678,5101.506142368133,246.53500032,100.0,0,11149.59503744,6,8,-514.0,-1250.0,17.9,20.9
85.771,5107.912222222221,247.0,100.0,0,11204.0,6,8,-511.1051434141902,-1197.0706884210808,17.9,20.9
86.052,5127.738333333333,254.0,100.0,0,11385.0,6,8,-504.39160182983795,-1075.0773874410893,17.9,20.9
86.059,5128.233732503509,254.0437504,100.0,0,11388.3250304,6,8,-504.0,-1068.0,17.9,20.9
86.212,5139.071666666666,255.0,100.0,0,11461.0,6,8,-493.3753881310499,-875.8275079899611,17.9,20.9
86.218,5139.499476716649,255.12000256,100.0,0,11464.27006976,6,8,-493.0,-869.0,17.9,20.9
86.412,5153.4605555555545,259.0,100.0,0,11570.0,6,8,-485.0177670271288,-721.2030928211742,17.9,20.9
86.697,5174.19153394168,261.6718768,100.0,0,10861.952648,6,8,-479.0,-609.0,17.9,20.9
86.732,5176.749444444443,262.0,100.0,0,10775.0,6,8,-477.76002865866155,-587.3195865774745,17.9,20.9
86.892,5188.4827777777755,264.0,100.0,0,10537.0,6,8,-470.942946505619,-469.022403638834,17.9,20.9
86.938,5191.877962239871,264.69000192,100.0,0,10568.0500864,6,8,-469.0,-434.0,17.9,20.9
87.092,5203.316111111109,267.0,100.0,0,10672.0,7,8,-462.94517468290206,-319.2564386613571,17.9,20.9
87.117,5205.180969780631,267.2272744727273,100.0,0,10680.920523054545,7,8,-462.0,-301.0,17.9,20.9
87.297,5218.670117052146,268.8636381090909,100.0,0,10745.147795781819,7,8,-455.0,-167.0,17.9,20.9
87.532,5236.438333333332,271.0,100.0,0,10829.0,7,8,-443.13505411621395,46.31126741318258,17.9,20.9
87.557,5238.338594280292,271.4687536,100.0,0,10840.5625888,7,8,-442.0,67.0,17.9,20.9
87.692,5248.61611111111,274.0,100.0,0,10903.0,7,14,-436.8097861923137,164.45000426271207,17.9,20.9
87.897,5264.197940715877,274.0,100.0,0,11067.0001536,7,14,-430.0,296.0,17.9,20.9
87.932,5266.882777777777,274.0,100.0,0,11095.0,7,12,-428.6474793581285,321.3033214741468,17.9,20.9
88.092,5279.282777777777,279.0,100.0,0,11092.0,7,12,-421.9993362288018,445.42842509618106,17.9,20.9
88.117,5281.231919925828,279.37500288,100.0,0,11103.00008448,7,12,-421.0,465.0,17.9,20.9
88.292,5294.9494444444435,282.0,100.0,0,11180.0,7,12,-414.25017590903747,601.2968532094767,17.9,20.9
88.298,5295.422391199071,282.08571611428573,100.0,0,11182.421480228571,7,12,-414.0,606.0,17.9,20.9
88.457,5308.020615240082,284.3571456,100.0,0,11246.5893632,7,12,-407.0,732.0,17.9,20.9
88.572,5317.193888888888,286.0,100.0,0,11293.0,7,12,-402.64636611831446,824.4475644802538,17.9,20.9
88.618,5320.874688648411,286.46000128,100.0,0,11316.11506432,7,12,-401.0,860.0,17.9,20.9
88.957,5348.199275974128,289.85000192,100.0,0,11486.46259648,7,12,-388.0,1115.0,17.9,20.9
88.972,5349.41611111111,290.0,100.0,0,11494.0,7,12,-387.2740897406163,1129.5640346901064,17.9,20.9
89.038,5354.778009726198,290.7333347555556,100.0,0,11515.26670791111,7,12,-384.0,1196.0,17.9,20.9
89.179,5366.275232754571,292.3000007111111,100.0,0,11560.700020622222,7,12,-377.97201414663937,1321.8265934148535,17.9,20.9
